-- phpMyAdmin SQL Dump
-- version 4.5.1
-- http://www.phpmyadmin.net
--
-- Servidor: 127.0.0.1
-- Tiempo de generación: 09-08-2016 a las 17:08:40
-- Versión del servidor: 10.1.13-MariaDB
-- Versión de PHP: 5.6.21

SET SQL_MODE = "NO_AUTO_VALUE_ON_ZERO";
SET time_zone = "+00:00";


/*!40101 SET @OLD_CHARACTER_SET_CLIENT=@@CHARACTER_SET_CLIENT */;
/*!40101 SET @OLD_CHARACTER_SET_RESULTS=@@CHARACTER_SET_RESULTS */;
/*!40101 SET @OLD_COLLATION_CONNECTION=@@COLLATION_CONNECTION */;
/*!40101 SET NAMES utf8mb4 */;

--
-- Base de datos: `gimnasio15`
--

-- --------------------------------------------------------

--
-- Estructura de tabla para la tabla `actividades`
--

CREATE TABLE `actividades` (
  `id_actividad` int(11) NOT NULL,
  `descripcion` char(50) NOT NULL
) ENGINE=InnoDB DEFAULT CHARSET=latin1 COMMENT='InnoDB free: 10240 kB';

-- --------------------------------------------------------

--
-- Estructura de tabla para la tabla `certificado_med`
--

CREATE TABLE `certificado_med` (
  `fecha_caducidad` date NOT NULL,
  `id_socio` int(11) NOT NULL
) ENGINE=InnoDB DEFAULT CHARSET=latin1 COMMENT='InnoDB free: 10240 kB';

-- --------------------------------------------------------

--
-- Estructura de tabla para la tabla `descuento`
--

CREATE TABLE `descuento` (
  `cantiad_cuotas` int(2) NOT NULL,
  `descripcion` char(20) NOT NULL,
  `porcentaje` int(11) NOT NULL,
  `estado` int(1) NOT NULL
) ENGINE=InnoDB DEFAULT CHARSET=latin1 COMMENT='InnoDB free: 10240 kB';

-- --------------------------------------------------------

--
-- Estructura de tabla para la tabla `especialidades`
--

CREATE TABLE `especialidades` (
  `id_especialidad` int(5) NOT NULL,
  `desc_especialidad` varchar(50) NOT NULL
) ENGINE=InnoDB DEFAULT CHARSET=latin1;

--
-- Volcado de datos para la tabla `especialidades`
--

INSERT INTO `especialidades` (`id_especialidad`, `desc_especialidad`) VALUES
(1, 'Crossfit'),
(2, 'Pilates'),
(3, 'Spining'),
(4, 'Zumba');

-- --------------------------------------------------------

--
-- Estructura de tabla para la tabla `grupo_familiar`
--

CREATE TABLE `grupo_familiar` (
  `id_grupo` int(11) NOT NULL,
  `descripcion` char(100) DEFAULT NULL,
  `estado` tinyint(1) NOT NULL
) ENGINE=InnoDB AVG_ROW_LENGTH=16384 DEFAULT CHARSET=latin1 COMMENT='InnoDB free: 10240 kB';

-- --------------------------------------------------------

--
-- Estructura de tabla para la tabla `gym`
--

CREATE TABLE `gym` (
  `direccion` char(20) NOT NULL,
  `telefono` int(20) NOT NULL,
  `cuit` int(11) NOT NULL,
  `mail` char(50) NOT NULL
) ENGINE=InnoDB DEFAULT CHARSET=latin1 COMMENT='InnoDB free: 10240 kB';

-- --------------------------------------------------------

--
-- Estructura de tabla para la tabla `horarios`
--

CREATE TABLE `horarios` (
  `id_horario` int(11) NOT NULL,
  `dia` date NOT NULL,
  `hora_inicio` time NOT NULL,
  `hora_fin` time NOT NULL,
  `id_profesional` int(11) NOT NULL,
  `id_actividad` int(11) NOT NULL
) ENGINE=InnoDB DEFAULT CHARSET=latin1 COMMENT='InnoDB free: 10240 kB';

-- --------------------------------------------------------

--
-- Estructura de tabla para la tabla `horarios_disp_pro`
--

CREATE TABLE `horarios_disp_pro` (
  `id_horariopro` int(11) NOT NULL,
  `dia_mes` varchar(10) NOT NULL,
  `hora` varchar(5) NOT NULL
) ENGINE=InnoDB DEFAULT CHARSET=latin1 COMMENT='InnoDB free: 10240 kB';

--
-- Volcado de datos para la tabla `horarios_disp_pro`
--

INSERT INTO `horarios_disp_pro` (`id_horariopro`, `dia_mes`, `hora`) VALUES
(1, 'Lunes', '09:00'),
(2, 'Lunes', '10:00'),
(3, 'Lunes', '11:00'),
(4, 'Lunes', '12:00'),
(5, 'Lunes', '13:00'),
(6, 'Lunes', '14:00'),
(7, 'Lunes', '15:00'),
(8, 'Lunes', '16:00'),
(9, 'Lunes', '17:00'),
(10, 'Lunes', '18:00'),
(11, 'Lunes', '19:00'),
(12, 'Martes', '09:00'),
(13, 'Martes', '10:00'),
(14, 'Martes', '11:00'),
(15, 'Martes', '12:00'),
(16, 'Martes', '13:00'),
(17, 'Martes', '14:00'),
(18, 'Martes', '15:00'),
(19, 'Martes', '16:00'),
(20, 'Martes', '17:00'),
(21, 'Martes', '18:00'),
(22, 'Martes', '19:00'),
(23, 'Miercoles', '09:00'),
(24, 'Miercoles', '10:00'),
(25, 'Miercoles', '11:00'),
(26, 'Miercoles', '12:00'),
(27, 'Miercoles', '13:00'),
(28, 'Miercoles', '14:00'),
(29, 'Miercoles', '15:00'),
(30, 'Miercoles', '16:00'),
(31, 'Miercoles', '17:00'),
(32, 'Miercoles', '18:00'),
(33, 'Miercoles', '19:00'),
(34, 'Jueves', '09:00'),
(35, 'Jueves', '10:00'),
(36, 'Jueves', '11:00'),
(37, 'Jueves', '12:00'),
(38, 'Jueves', '13:00'),
(39, 'Jueves', '14:00'),
(40, 'Jueves', '15:00'),
(41, 'Jueves', '16:00'),
(42, 'Jueves', '17:00'),
(43, 'Jueves', '18:00'),
(44, 'Jueves', '19:00'),
(45, 'Viernes', '09:00'),
(46, 'Viernes', '10:00'),
(47, 'Viernes', '11:00'),
(48, 'Viernes', '12:00'),
(49, 'Viernes', '13:00'),
(50, 'Viernes', '14:00'),
(51, 'Viernes', '15:00'),
(52, 'Viernes', '16:00'),
(53, 'Viernes', '17:00'),
(54, 'Viernes', '18:00'),
(55, 'Viernes', '19:00'),
(56, 'Sabado', '09:00'),
(57, 'Sabado', '10:00'),
(58, 'Sabado', '11:00'),
(59, 'Sabado', '12:00'),
(60, 'Sabado', '13:00'),
(61, 'Sabado', '14:00'),
(62, 'Sabado', '15:00'),
(63, 'Sabado', '16:00'),
(64, 'Sabado', '17:00'),
(65, 'Sabado', '18:00'),
(66, 'Sabado', '19:00');

-- --------------------------------------------------------

--
-- Estructura de tabla para la tabla `horarios_profesionales`
--

CREATE TABLE `horarios_profesionales` (
  `id_profesional` int(10) NOT NULL,
  `id_horariopro` int(11) NOT NULL,
  `id_horarios_profesionales` int(11) DEFAULT NULL
) ENGINE=InnoDB DEFAULT CHARSET=latin1;

--
-- Volcado de datos para la tabla `horarios_profesionales`
--

INSERT INTO `horarios_profesionales` (`id_profesional`, `id_horariopro`, `id_horarios_profesionales`) VALUES
(29, 1, NULL),
(29, 2, NULL),
(31, 1, NULL),
(31, 2, NULL),
(31, 18, NULL),
(31, 19, NULL),
(31, 20, NULL);

-- --------------------------------------------------------

--
-- Estructura de tabla para la tabla `horarios_socio`
--

CREATE TABLE `horarios_socio` (
  `id_socio` int(11) NOT NULL,
  `id_horario` int(11) NOT NULL
) ENGINE=InnoDB DEFAULT CHARSET=latin1;

-- --------------------------------------------------------

--
-- Estructura de tabla para la tabla `pagos`
--

CREATE TABLE `pagos` (
  `cant_cuotas` int(2) NOT NULL,
  `recepcionista` enum('admin') NOT NULL,
  `forma_pago` enum('Efectivo','Tarjeta') NOT NULL,
  `fecha_pago` date NOT NULL,
  `monto` decimal(10,0) NOT NULL,
  `id_pago` int(11) NOT NULL,
  `id_tarifa` int(11) NOT NULL,
  `id_socio` int(11) NOT NULL
) ENGINE=InnoDB DEFAULT CHARSET=latin1 COMMENT='InnoDB free: 10240 kB';

--
-- Volcado de datos para la tabla `pagos`
--

INSERT INTO `pagos` (`cant_cuotas`, `recepcionista`, `forma_pago`, `fecha_pago`, `monto`, `id_pago`, `id_tarifa`, `id_socio`) VALUES
(0, 'admin', 'Tarjeta', '2016-07-26', '0', 56, 2, 6),
(0, 'admin', 'Tarjeta', '2016-07-26', '0', 57, 2, 6),
(0, 'admin', 'Tarjeta', '2016-07-27', '0', 58, 2, 6),
(0, 'admin', 'Tarjeta', '2016-07-27', '0', 59, 2, 6),
(0, 'admin', 'Tarjeta', '2016-08-05', '0', 60, 2, 6),
(0, 'admin', 'Tarjeta', '2016-08-08', '45', 61, 2, 6),
(0, 'admin', 'Tarjeta', '2016-08-08', '0', 62, 2, 6),
(0, 'admin', 'Tarjeta', '2016-08-08', '45', 64, 2, 6),
(0, 'admin', 'Tarjeta', '2016-08-08', '0', 65, 2, 7),
(0, 'admin', 'Tarjeta', '2016-08-09', '45', 66, 2, 4);

-- --------------------------------------------------------

--
-- Estructura de tabla para la tabla `pagos_x_periodo`
--

CREATE TABLE `pagos_x_periodo` (
  `id_pagos_x_periodo` int(11) NOT NULL,
  `id_periodo` int(11) NOT NULL,
  `id_pago` int(11) NOT NULL
) ENGINE=InnoDB DEFAULT CHARSET=latin1;

--
-- Volcado de datos para la tabla `pagos_x_periodo`
--

INSERT INTO `pagos_x_periodo` (`id_pagos_x_periodo`, `id_periodo`, `id_pago`) VALUES
(39, 3, 56),
(40, 4, 56),
(41, 5, 57),
(42, 6, 57),
(43, 5, 58),
(44, 6, 58),
(45, 7, 59),
(46, 8, 60),
(47, 9, 60),
(49, 10, 62),
(51, 11, 64),
(52, 12, 64),
(53, 7, 65),
(54, 8, 65),
(55, 1, 66),
(56, 2, 66),
(57, 3, 66);

-- --------------------------------------------------------

--
-- Estructura de tabla para la tabla `periodos`
--

CREATE TABLE `periodos` (
  `id_periodo` int(11) NOT NULL,
  `descripcion` varchar(20) NOT NULL
) ENGINE=InnoDB DEFAULT CHARSET=latin1;

--
-- Volcado de datos para la tabla `periodos`
--

INSERT INTO `periodos` (`id_periodo`, `descripcion`) VALUES
(1, 'Enero/2016'),
(2, 'Febrero/2016'),
(3, 'Marzo/2016'),
(4, 'Abril/2016'),
(5, 'Mayo/2016'),
(6, 'Junio/2016'),
(7, 'Julio/2016'),
(8, 'Agosto/2016'),
(9, 'Septiembre/2016'),
(10, 'Octubre/2016'),
(11, 'Noviembre/2016'),
(12, 'Diciembre/2016');

-- --------------------------------------------------------

--
-- Estructura de tabla para la tabla `profesionales`
--

CREATE TABLE `profesionales` (
  `id_profesional` int(10) NOT NULL,
  `dni` int(8) NOT NULL,
  `nombre` char(50) NOT NULL,
  `apellido` char(50) NOT NULL,
  `direccion` char(50) NOT NULL,
  `telefono` int(20) NOT NULL,
  `mail` char(60) NOT NULL,
  `fecha_nac` date NOT NULL,
  `cuil` int(11) DEFAULT NULL,
  `especialidad` int(5) NOT NULL,
  `tipo_dni` int(5) NOT NULL
) ENGINE=InnoDB DEFAULT CHARSET=latin1 COMMENT='InnoDB free: 10240 kB';

--
-- Volcado de datos para la tabla `profesionales`
--

INSERT INTO `profesionales` (`id_profesional`, `dni`, `nombre`, `apellido`, `direccion`, `telefono`, `mail`, `fecha_nac`, `cuil`, `especialidad`, `tipo_dni`) VALUES
(29, 3256522, 'Lucas Rodrigo', 'Ferrarini', '', 0, 'asd@hotm.com', '1989-04-11', 323, 3, 2),
(31, 45689, 'lucas', 'Ferrarini', 'pedro liuno 1533', 4561596, 'lucas@hotmail.com', '1989-04-11', 2147483647, 1, 0),
(32, 4568978, 'Marco Antonio', 'Solis', 'Mexico 123', 4568522, 'viva@mexicocabrones.com', '1956-06-05', 46554522, 1, 1);

-- --------------------------------------------------------

--
-- Estructura de tabla para la tabla `socios`
--

CREATE TABLE `socios` (
  `id_socio` int(11) NOT NULL,
  `dni` int(11) NOT NULL,
  `nombre` char(50) NOT NULL,
  `apellido` char(50) NOT NULL,
  `direccion` char(50) NOT NULL,
  `telefono` int(11) NOT NULL,
  `mail` char(50) DEFAULT NULL,
  `fecha_nac` date NOT NULL,
  `habilitado` tinyint(1) NOT NULL,
  `id_grupo` int(11) DEFAULT NULL,
  `tipo_dni` enum('DNI','LE','LC','') NOT NULL,
  `imagen` blob NOT NULL,
  `fecha_registracion` date NOT NULL
) ENGINE=InnoDB AVG_ROW_LENGTH=16384 DEFAULT CHARSET=latin1 COMMENT='InnoDB free: 10240 kB';

--
-- Volcado de datos para la tabla `socios`
--

INSERT INTO `socios` (`id_socio`, `dni`, `nombre`, `apellido`, `direccion`, `telefono`, `mail`, `fecha_nac`, `habilitado`, `id_grupo`, `tipo_dni`, `imagen`, `fecha_registracion`) VALUES
(4, 12345678, 'Roberto Carlos', 'Gomez Bolanios', 'Cochabamba 1211', 4561596, 'elchavo@del8.com', '1956-04-11', 1, NULL, 'DNI', 0xffd8ffe000104a46494600010100000100010000ffe202a04943435f50524f46494c45000101000002906c636d73043000006d6e74725247422058595a2007e00003001c0016001d0003616373704150504c0000000000000000000000000000000000000000000000000000f6d6000100000000d32d6c636d7300000000000000000000000000000000000000000000000000000000000000000000000000000000000000000000000b64657363000001080000003863707274000001400000004e77747074000001900000001463686164000001a40000002c7258595a000001d0000000146258595a000001e4000000146758595a000001f800000014725452430000020c00000020675452430000022c00000020625452430000024c000000206368726d0000026c000000246d6c756300000000000000010000000c656e55530000001c0000001c00730052004700420020006200750069006c0074002d0069006e00006d6c756300000000000000010000000c656e5553000000320000001c004e006f00200063006f0070007900720069006700680074002c002000750073006500200066007200650065006c00790000000058595a20000000000000f6d6000100000000d32d736633320000000000010c4a000005e3fffff32a0000079b0000fd87fffffba2fffffda3000003d80000c09458595a200000000000006f94000038ee0000039058595a20000000000000249d00000f830000b6be58595a2000000000000062a50000b790000018de706172610000000000030000000266660000f2a700000d59000013d000000a5b706172610000000000030000000266660000f2a700000d59000013d000000a5b706172610000000000030000000266660000f2a700000d59000013d000000a5b6368726d00000000000300000000a3d70000547b00004ccd0000999a0000266600000f5cffdb0043000503040404030504040405050506070c08070707070f0b0b090c110f1212110f111113161c1713141a1511111821181a1d1d1f1f1f13172224221e241c1e1f1effdb0043010505050706070e08080e1e1411141e1e1e1e1e1e1e1e1e1e1e1e1e1e1e1e1e1e1e1e1e1e1e1e1e1e1e1e1e1e1e1e1e1e1e1e1e1e1e1e1e1e1e1e1e1e1e1e1e1effc20011080100010003012200021101031101ffc4001b00000202030100000000000000000000000506030401020700ffc400190100020301000000000000000000000000020300010405ffda000c0301000210031000000155dc1499dc6f60fbd593f50dc25bf56de5cbb43b492634283069468ae24366af3a89848533ba563e6b5e6058935cd8c704abab3b3cf7a11babe0903aa64aa7b7b68c875df42a09eb1aebcb1e738abced1e9258dabe65dada8b401143e3ade0790ada11021d74ed560cf6166368b4ec02f9d1238961eebabd2e6add06fd98f651d4e3ddc78a9105de3daa69aed8b97b5dbdaf9da6b2fa4ab15cd25d7cdade4a44fdb64d9bb0857443ee215de6cf51ba827da5457c2bd21e9173353a81ee30482fb42b8ce800de7cd1716427505500f7538844c4bb0f19c6486deb8cece7671ed2a67da6d26dbe9e92e6b60960e8b32f1be5252ad2cfb667c7ad4d463fc46c0985cb0d6120febb035582c2332ba7b2f133892ec49b035e66afa1bcaa4ba3ece0eac7bd8ddcddb4db5931be3327b6d640b998c3498f78f4fb506a57ad4d757a2b4e6af67d8bf68cc8978dc90f0307c65b794bf1354a6b49add4ac353c6cd754413ce16f4c58d2a1ef600e5c699dfcbceda6d2498f624f5aab700b755ba157abc429ba53e4605f879fd07799049adad500b2ab6479b7b5c1a20a86baaf16d9726cbca29e34b872de9bc6c962fa8f20ec7ab0f3eaa702a340391a15f6e4f4b4306b35702968a92e50bb574d7ad551d0c0cd56ff002fb4a77ced5854a392895932e9e4966e72cbe41ac0bb03742ebdc90835533c25e177d078c769e48684bed3c57b4ece787527c49c9ade943758648a858afbb9d64c062d6996cd42ab34dc6be26f472634b717ba064b564887e419fd196894dd9726dcd88ec829103bc2eb8ad27f45a2dcf66720cc162f9975ae612737ed7c73b0f43994d35c54326a55864f74b9f1e25d2ea62a348c448644904b93719d98ce84794da78bdccc56a243e1ab72b32e53b4fd425ac45a1a4e20f4b0ba73af6d42be3dcc2c5cfda1d9d8790758e3ef425768e35d635f3f0a2d4ab93585db7cf4f8f1c737a4825ce255dd7112752f4f04864c0e896dbcaec939abef934c45768583bd2a0400d82aed0350d305061d58d08c2a3767d746720120d8e6ae080754bb0a0748d5cc5958714fcfa827bd8eb713d9c7a4ce33896656da1393b2b6fa6cc130dfcf1f39fd42f6c759e7f40a2c980976404b7406b1b3031ac16ade830482ed40316de9a2e1bacca9e82f5cfdca6ae8c84f4784723f4ee7e8d2ad9d7dd8e2e7d8f4af4f5a702c08301476413c17c9745e131a73ea3d6a9d8e576fd7475fabb9a569ac2c55b9928bc5a4157180460bd883675a24361901dd1f66265eadc77b4164a492e2072bb9cfb19ecf1b5db5c4af1512716e1610c081d3ebb04f6154b8bc4379b8148f27ba4219eba994eb1b91c0a5e6bf362bdb3da890723be8b1bd1c39518e5367adb306bd6393f4a2c918d31843b92e8e59eaf211757667a2e44c6d9e5b396d1b129b2586dc01714042d1551657557cbb7d1579b274ede84f2bb56aeeda3d4a178cc1470cd9c28b5f56b1751e3a04cfe6f296ba4cec5ec4bc4282aae90570638c8be474a97212a396ce587c61ad39ab8d37e53216cd4de7d0ddcb7a172270dfd2617977b3115724a699dc04a50acc1fd57769c108946544b79a99ae6b36ae5a4b8a8b9958b81544531c12cd01511a2238c3d29a6ef0ab11d34449675325ce81ad962c16a51493231d45c21f1f93a00aec35b5672120cb4257e419b83096613296903740c0a4bdd196f673d51cd1dc65f2888851574bffc4002c100001040202000504020301010000000002000103040511121310142122310620232432331534413016ffda0008010100010502f1d2d786beee3b78a8caee1d304b2fbd516210fcee41e684606979893b3b1b29762f1cc122bb89a56d64b0b3d25af434ebfe783595e653595e653585de9a665dacbb457632e6caa55926768abd60b160cd4602c247b0c5ebcb7b57ca95c858499711528890cb1cb134162411670923fa8aa3c36a46f0d27f0dadadae498dd763aec25da4bb9d773ac75132139ce57f91974ea32623380c154b1142a4c957006c941b3c8407157c8d7d05888d7a23076768d85999965a38e6a5641c13ada74cba9d753aeb75c1d7175a75a5a4eb0b5633521919d461e02ee4c18c73289e9d68ee5be5045625630b33700be0d28f929d4d878e77968cf0cb0e46dd554f2d1cc314b0ca042cc5280cd15b84e077f9f1e2cb8b2e029e364f1b2e965d4cba50d7dbb1237672a02449faea437b29ef3ca4ce677e724d7a7e1e7a5d0e44f70db0de3f21c2d066a37925ab1185ea46a27b54e2c666bb004d8c3ea1a7d8d30f13ff00c5bc03622dec0a90493483c863ca5c61098b91fdc1218a6b921961f2c511456e19e39e8fe5b141f78db9661369a3bb57310081ff00e4c8859e227dc98cacf5a0cb5b8d94f3c923ff00e22feb0c8ecf0e66411a52d5baa7ad11356f378d7b81dec5bdfdaff637cda7107c5467e6f256b82c9cfdb3ad2089750a189057d97931d1557d9404cb812e2bd59e29ce255725d4a3ccbcd13cb1dfaecd24362e0b359fbdbc03f9592f4a9d95a95fbaef1a16da104228459900fac51bed81715c769c368e124f5b6bcaa3aabaa66552e4b00d9b966cabefdadf7378c5fd908b1dac9da7dd83e4e03b421b5142e4f1d09c9ffc74ebc990a180993c6e2b8b266642cc9b8e85b6ab530988f1706eb50845f23a8ec7d3fd3fe57215b8c2edf6b264fe15bfb4e568e39e472f0af1119414599430c71a0b0fcbbb933b0a26da66db740ea680389f21453132f384ab5f92138a709d5691ce3cbfbeed79786432b1b3dab23c665c96d6d932f4f1a9fdb726767f940deb8eae51a92cb03f9c250cd2b9019a8e427405e8dc53ff001335317afa2eb175051790a9452d630d30658ddac9bfbe0f761b221ef5daebb9772695472267f0a3eb6fea28461c880392c7d6f7ce7c201888d4750b4ff8c7cc694565452edc5d4afa090d4869e63e51d9754ee33286509e3f8af986f0a24f37d3776362897f819f8495c809db5e10ba6f0a4631cd7a4796cc6eecb1fee8ed47c86300894f608dca9ce6c74e704c04aa112ac0c51dd1fc161485a55479bc663c9aad6b2b1f2491ce7eea9946dc0b14cc38190585137ba8d9f765dc1edcda4ea1f91f84dc7a8fd485621bf5e46569dddeab48725a16ae840a58d8952876a0f6c6f1b4a36237e7244e2a563ad8c80cd8e6ac7604abbf28dddabdf6dd6ffb1f1ffe664e3e54bf9058184249f9993efc21f91f852c43e5d32c37fad22923dac70bc0b215e5f318c8a56008e3e5b6ea8bdcd1fa165e0709606fd9793631c3544ea16e49001e3601591d08c6dca66061c244dfab27f33908d6fc61f91f8563638f74cb0faf2bff005c1b7a70729a54fdd228236291dfd951f6cffd966019a1901e2b02626bf1a874a03da36659774cfc4ef712c2d126e560753383ae2b82d3a89937c47ee3c913f904cb112fb013fc32278c5148f23d489a08cc9d566d46fbe50373832b598e060ec63698540e7cf1f23a9cdbab26cc3046dca4b43d38110e013efb782e0b8b278d930f854761b196f6d7740edac7edde2742efd9241c93532dd6ae00ac108a6f98fdb09baa47f866ece22f076157176ebd103b029a4e35f2e7ecc5c5db7ef451957904c0a667eefba117d660b769d47f38c7d1c2ec9be5a493b05f6246d0c5149db29bfbc64d83f116af2b2138fae72e9bb525e6c627ca7f6ab32f28f2c7b3fa6ebfb27d79ab6e3df36fb7eea713905c2e76d07cd77e328ff26df31f54e5e97a6552bbf559b52c32c370483bd9d4973a9e0c9ca476ff0032c4d84c6c714e0c432abcfb9be9e329e577e590b916cec6fb7ee1718ebbfc3aff00806eca22dc625eac5a467ec8a2edb41a169e3695ac5228cdde562a40ccf2423a76d397e19e94cc4d67db5a4fe367d64fa2e273b918f1b043b5930e367ed1e2e8cff5493a66f62a2fba71378485e95c7847c97264cacc03288b3c671d94c2d304f0bf1a12b89593fd59dfd92ff2fa5ecf4df7f5b526f864c1f7f6c3eaf787aa12f94edec7658a2fd78cb5e1a407e9f2a36d2696365db1b31bc72a922d3c26519d69849ad8755c90ff0052c17e39162a228e436fcf2338c5960720f07f1c7bb8be58b95e51b6cc917ce2cf528ba174cc9df49e598cddeeee43b20e56e5d473cae865b3a19a7501b72b7ee90dfd969fd8c0e4707a1407bc6d836e1926fd6fb718deec869ed3a81bc1909384807b40e81db44ca11e02e5b5f2ce22ebd1998c4573e4b8f177f991d5bf88a3614efeec348254a416eb185a5adc110a7f1c545ce3bcff00b4cb83331fc3b71126721a32bb14680fd18fd40cd4afe86f32e52ec4e451bba675b5c9126af2584f56652c3202c1c9a92c371559b8d3ff00096d4b853ebc7623948184c7800e231e725aa7151b16bfd8a61b33fe7f32169431711c361e1ad0dbff0074f62a16e4e22dc7a590d545523d95315e5dd1c4e2c9ff00b161a160af6b1d04eac456e8deb94a3af54c1e453c2cd4ac969a537dd49792c897eb472bf979a4924bf3efb6a0b34561907cc303bac555d997f491868be21f4509a84d973775b675c97fc32647a536b9d30dac78fe15f527f5d316968b4d163a9d1be333e40bd92cbb58e93dd9193554005f0b92fd6bf6e378ee0b7b38f30ad5f83558588693bac84fd54e3df64ac8c9d9eb4ecb9e934cebb53ccc29e6f4e68cd411bcb3431aaded0365f51b3f5e37fd6fa9a4ddaaa6fc325eb1913b2c617e4cb17ead9b362a9deb236abea1b3179608c7b6301b503f92c646525518fcbab7377a17fcb20ab0debbf519dd87b3686574d226365c900b9157068c2ab3a87c33efca783d95fea4227b7538f65db2eec64dc711c5dca3692c652a47666cbd56a71e3a68ce2b44d2bc150094e31c7569845055cbd903a74cdd5c0ebb67ead286d4b1696d0e9d30f80bba89b92aa0a16dbc1a640e98959fcf9899f8c16c7beeb3707fffc4002411000202020202020301010000000000000001021103211231041022411320325161ffda0008010301013f015247247245a2d0b62455218ebd451bfb1a175eb91c8b2c8db2287a1b2aca4346d09d9f42ebdecb136605abf529516ce4c526722334f4c71ff05a1aafd7ec8528929523b1636c8e06c7e34d0f1490935f429345d89da2bf48f68e8772663c0d90c22c491c4705f63c7164b1e3ba2589455a215fac7b1cacf1f1f262c918e88fc8e2d7a6ad128b29decc8be2c876344b0b8f6714354c8f62db314128e88e18f63728f4424df65ab252a1497fa34a43570688af90f68f36517d7a976415bf58bf82575a212cae5b1e86e99a9225e2dbb1cbf1e88b4e2c5b90ba1cecb24f661545181dc108a485b63dd9872d4a99a666c7ab31a6a2c5fd0b4bd5bf58bf917678afe03d0ee428d2145ec927095d12b514c52e5a32ae38c82dd9dfe9155117678934f4765521db14da34fb1c535471e2cf2dd468c62f7156c6a908f0dd4c88c43564a3a149a1c796cf3118d11efde1ecc8a994629719598e768685163c6ffd143fe9c762d23c969b1aad8a96c8e19347e16431384893b90e8506cf1a4fa2321d0d5fd914ca1bd19249c89355b1cacf1e16892a98e5685d8b1b933f1523c7d31ba22d490a2848e893d137f2332f82660c519230a491356fd2d9f9121646f463d48946d09b8919b6464ced191d2251d9996923c4c34ad9ffc40023110002020201040301010000000000000000010211032131041012411320322251ffda0008010201013f01716532994ca63d0e54376c871dae893a14ad08623468a478a255144e56f424d8a247458a486932bc7b3fb66936e8f131c2f93c11e08704380e0d177c8f813bfafa24ed98e36c4921c921e44859a2c528bf63a250b43b8e84e997f493a478b6422a289e44896543c899e429b42cb242cd23e4f2d33224aabeb2e0c70f666c9e28709cb64a2d1aed1645af6369f062b6ccab427a23914b82fb4b685a4649dcf67cadba128be59920bd08c714d58d27e874883a9a32f02d33a78342ed275db2bfe998daf649412d12968426e247a8a547ef837192327e7b2d779edaedd42a99b22d92625544e16acf64254cd4a48c9c57d7d8cea97f5d931ed9c89dc686958e3460b9643a89509dafa2e7b75516b651122d5ecf8d3da1e9098e568e916ecea48bef274888cea55c0f42ec9b45f6ba3a43a8a685aef97f245e86f64d792a271f1d0b92335c1e51ff0009497f839263d985f8a3916f44b2462f67c89929a92d0a9222ecf348ea127b1c74274c53439a7d92237428d0a34754f64378c8c3c5927a14d243cc9c8cbb5625e44a2d32c6247b22b462e49c9a33ed90fc8c762c76c7892d8f71212a66a438a1c50e911e48cb46276d99268fffc4002f1000010302030703050100030000000000010002110321101231132022324151610430713342526281234372a1ffda0008010100063f02f7200257fab1cd6ac94b97ab96504ff10737faa45a17da5496807aad0aecb3363ca2089852e643bf20b3b3fd29f75a6feb86bec0b437badab5827e56a23a2904145a2653624e044a90246176ae684e7d2703e137337854182d2b68d6014cf6f735dc15fd45a9f4f2b674c96d345b39936966002cac063c26cc8f2b62492e40b98efe05ca415938e5d6854e9be5bd970bc12ae028b2b40eea45938543192fed69ba6b57120728eea4980340b35900ca656d3d4d52d6f65918d11dd452a6c37fb9660d639bf8fe2b46e6371fb2736a5304476567341857ac6df8a8a45f1e56cdce36bcea803cd0bfcdc81694f61ea13a954073377f4df0c0480c577428682166177774e87125122d285e214663aa2171366543a4044b097348d094ea5ea9b1f083a9999d255d85be4279bba74ba0ca9ccb30bb4a655693c3651ee66e89cf235ec9a03656ce366eea564a7509efec58accee7fc96ceadd412d2e3d254b743d10ab4386a8ee565aad70eea58e599ad224fb8dd565980b3bdd05d7f845e2a1cc3ff0051bdbda1254b2a43a6c807f196eb08bdb2d8eeb2d400c8e14ecf39332a82083cc25107db6d36765c025a05dc9acd7f24724e51a6375ace112a42b2eab4c255baeaa766207409cf3c395642610a5ea5c730bb0f74ed7da0adaa19a768fd13ac33ef59a898c34530b942e40be990ae1581594495c4d3643d45e299b7854fd40119dbc5ed37546abfe95359e40b7042eb8420002e502990ae02d541c271eab842e33fc0a1ae3e17d31fde88b08ea9de9ddf4aa0882aa53b0d9baded4a6b5b27abb10d6ea5005d2eea846a30bc2eea54282170d942eeb2c1084a0f65c3c5c762a4ff005546aa757b3953f534ee2b3744e1a5fd98ee9d4a3ae3b5776b2cacfead656a54eabb2bab2d70d718172b2e5809c8bc2ccbd3d574f02da0b877b34c1b5d39a23495641cf164614dd1316c3aee5d5d595992b8a990b5ba0893d90761c672c117503a5f0cc0828b4882146eed5f70c4f799d700535aaeb2536ca973c3573665d42bc940c423842d1cef0d503d3cff0051145c69561f63baacae91dd481d11c0b6af2d82c8e034b1c2253888defd8b913809c765e9db2eea55fd41799b86ada5233e1d85c5940458b2c5d4eaa9be8082ee62a638ba154dd4e05642a38717544784ec1a0f0e6545ad975b5381713745c77854fc198b7191794ecc1dacca352a48b4095260b936d18e71a3d005b28b1f4c65ecb68da175310acd0a345544a6b4f529b4deff00f9602b41211573bf5a440b0dd92a5a574572540bf7c34c21d0a0ead5070b3815ac841548bdd66541ecb87bf31594c657b53879df684ebf3d4c72637b6195817ec5429575089021ed5630e5a2d138744ef84ff9402f4f4cbc5a5340234d53b7da4de17a764cc8cd85c2ce040c3c2b1bae272b00bca189952b43aa9692b954427df550a9b7cc95e9a9384da54083e13a77deeec13697e0d8c5d4fbe12b2c5975513757417450a0150484f1fb208f6844f650100ab5736078020c6bb9006c2224a33be09882f551de716bb0118e50b5872c9558ac57750c92500e6108ba78b5594a928de702a8fa70229b1d2ef2554802014eb73220efc83f4e9cc79289dc638765137c6fca30e200a268cc28d10cf054b5b18671a151dd388c1c8d4cdc2dd554924e77a3312be77b432ab54fcdd9421b94d4f5c214abe3a00e50e10b551a22d70594a945129a09e12e12aa01d1544c719de3f0a850ebcc718c23b6e41512a5d0ae42d70b1c32b970e8542386d1d61acada0fbdb29d7eb29aede7111d93fc6e404e61ebbb96833342834c857a6541a4acc72e52b8e9a0e6aa67c28c21012a854d6190536fceeb2ef077819fb955e9c584e04a0f41c3182acb8b5eeaf057234ad1a1772aea754d384295655288d47128cb6055607a377b3468f553feca146365b3d671d5785230e62ae655f75ce68b35584fc2e2610a938bac7fc884fe331d957765e8af947f570d505dd947aaa753f8897b5c7e500d06fdcaa546912335d543fb2cc8a030cd124e8b6d5981d59d7f8558b47087636185c2d0616c23136f95d69bbf26aa6cab58d5a04f547d4d011c41d083e989ce16c00d754dc1b7e89c46b0a9fa82084ccdf6b0a7fca0b322e599da7642abc70f4c1cd9973df2a146f5f0b2b2cf8b0f95b378905ab66f78e1e5959e6c533e70684ef85469db342a12d96bc4664ea647dca04a868254be25677d8765160adcc42ef7c27090af61877c355650a0282aca9fca6fc26827aa6e53c8ee24c5743faa06a553654e5443082ea63326babb403dd1ce61aa29b256700f94d0171480ada68a3ce1385eeac6146365015b5538fa7a7fb2b260026e8da03b541bd8617b70aa6d9d2e85826d6a6df061556f7d135816842c87456d11c86e8b507742a47b36beeb07e0ac9cff00b5987fffc400241001000202030002020301010000000000010011213141516171811091a1b1c1d120ffda0008010100013f21120900e21e222e259a8676c7e2562190a8fc4ad5410a07411427429a8d598199dbd456015c894af166680ba69aa8ab600680bbea1b0d2ba708c23407489458ad8e22b915e9620d0f4ee3645b4db70946e61691ee5e5a65a38f98551b7373a4b2fe0fc4abdcf480e9738ac80d5213c9028e494b65c1eb24b06aae0b592e66dc4612e558fa8e1034176a7b885381a383e63c0179439ea1a7028b068f88b220d8dee2e3559e6f53028efee03ac50e721dc46473585994497764a50d0daf7e4a9e1614d8ef50970a8533c4c2c4c8e71284cca74b251898b9a7e153582bb20c6b31578580dac2ddccd8500e55f9861cc38ef11aeb1117980224808800469402cb1626b4c54e508812e2a12fe60f40394201f30a126db0c57cc510bf4e6a25d118a4cb17902a13575b47820acd446d3618cc6c1c147b011482b61c4400a1a0fed8a6ca642d90c5a32aa9c37e4725466771d45b1c89d4c18209a388163d6c7849e2c79463d88d9a60ba96bb3103d4592496e944d5be0c07506d64e6aec523bcdab6140f677189c940ab6f76c76e1acb39f6525ae9480437f701208a529474f2f8c751566faa1d3d306e92a190f23122ba18bb01e7c95f4240b0511650b178a575e44040566200e020bb4928a0d7b72ec36f0b9f881d12b205dc56296327662154225a613e7f0551166a2dc4cfa9cd946ec2695114cd43aa220195cff13413563fb97db0851bb830c0c5a60b226d14d2b47be43100a516a623ed41546afb8587d877dc0ace6d77ccda30b6767c4bf490a51ab3598748c29473b952adaa1adfdc4fe1b446438b95b58b593e11a2ba89464fd45faf51991500a152d1690370a3d4a4ace63d6c0b1e6f984815a6bee1752bc9ad91ddcb8462ea5b9ea586dd43e49737c5a6fd9440554035310516aefc25f8c4cbc07fac5490552619688ddb97b9f7ff00823705072913c63042c500fee3dc6a015e6e1e6c0005e6314f123863df98d616500535ff006376ce2ed8f22791f894c885d27119184b3818639c4bcc752e2ba9922b71ea0e6a377e4547b500e90b6975cc440ac0a335d44e616c5a3fec2ae65067ed2d7566ebb8f5f86eb3327c40f1fcd42f64cf300ecd906520e4d21c3140000959d2b0b52204585ae08851208c54bd248d1bc5d4ab90c2b6bb0800148d23c4d7199c12fdfc5e3336b9bd42ebf1903396a5352a2fc84a8dab18b60b150e41d7504f43259ccb8274474b55102d5d0838c66ae984e801ba8dc4b61b0351640c3c8eabfea0b9c7cc2b0bb3492ea87f710b46d63223dc3216cab6ca5e1ee24b24c38b1ee0919230435552a5326db2989b94e201b65c63b952951dc0a43c918682cd09ba82c0320dd0e9850d8514bbea2aaab9f63ab75dc542bf7182acbee6632af32cb23ebcc66025452d6744a5d892f980b525f71051f254dabcf08e7f7022c5a50e3a87800c42985dd1ccb45e097910ee365a55bf0b33b0247a73079673f825e23062648c23eccd4d7436dbb57118d6802cd3a58014a6b2bccb39c4a54a0220134010859394d40940157732ac0e00222b167f300b46af344390c11558652a7ee722cfc470383959cf9d9814f989570eeba7a65a1b3366cab8f266a0108f2316f0b7ad78980d2c23a3922772b8b972e5b5369a6196dcc5971814580bf04ae12d35df4472c76b6750bf980b5bea78ec8d1313065b25b64318814105c4ac26474c138553a8aa0faee59a8dd86a50aedc97771ad913719de5a2616916b0e22b640d8ac793802d86982455aab19b8800052c7a48ec3a16b8cc3c522c385d5e6574608aebf14d5c0d6e7a444be031aa712ff51095a08c55511dbca4552b15005c5420711d7b1322a3976cc4a58fba85ec06172545d660e6543b184d10beca02d9e5ea54597b2a5440aa19623fa42eaa19945282fa8aada2cf63eb512c7430aa390b4d47f29b6a020696d3d82c964949c39b865dd97c63b8725c17b52d717b9655ab31461185125b11b56123dc61326a66d3bf973e38a1236d2cb2e060e58021bb9c1f68766d7a8575a8f1d46a1a439a96ea6b8a8fcb17818a8d9730354aca54072c704616c4c63a65a465e56e2d56d10d79318dd2b07398045143c452e58fb11335a97b481751813a918aadb96e48f60c7822e7c94451581b5e22a6952db98a58d305b1848b5816db50f2b6edb865c8d043e2dd176cb8420e2e0054436442202e8ac12fc30e18050a571dc5407fb1c8295dc345619a3fb788b64a3a2eb284d941a3c5c3068603dca2116d75f10dfd364cdea1cca6c0edcdc0728a05e2b12a58c5b4c51a0890bd0bb0ee0b2915b16114aea1c6946abe8cacc51c2b0ab8d40779cea683ac9641a68bce60922197fd95003a334f847293ce26bb202a203591324a5790e14802e088abb453e63d0c6d5751c705748661fc42819d62e3ca6e85dee71dca1c00bc2b515ad43e67300ce5743dd4a6d160e88f0ab97a8da0f0d9d43888a2ccdd4dc569d4caf0608cdad5b65e65662308ef396f518d68570ed58b9596ba222eaec616caac6ee66ad2661892b54e3c83c814017772a5ca6859dc5d40aaae93a851040580625344b54b4dd4078437ec7a4515a74c3512a1d4a96f016c1711ab57bbff0022518d5a56d83103b567c83210284351408fdb09f00d0e3c61d008aa8f589bee2d6316cf51572f2ccee529344cf7f5162802ed77f86c7cca003f2c29ae2ab982143e18970a05ba22caba1ca11a2a0395c7d4b84d0b57a8224e0a0f2165a2b862c4319a990e68a791f23e2a4c3d914433cdc6a630f6e88c76a5959880d8e6a00c12b17029a028bfb9482ec6cfa84fc08ba6b3fd40a55602b53375d2940ab8bad3054ee66a8e33180899542ab700e8d21d0151c3295690037b30fc442d956cadfb804b5871dcb712def72c9b314bacaaee31d03c8a60ccdc499880a9a2af983d32c4329d4abc09b3983a293b253da2f6f52ab67717c8461ba48f5894036a9cfb2d7aca1fb61ad2e31b78fe21380a872d4b8955bdb29894c4cd18d904af21acc30a8143b6a269d61576b3682659cc61383484d66d0bc4a8ceb54f736985fc451d1c81b9b209b84d58dab11e4acb0d545ae6e161339a6504ab1b85e050daf3065a150d38184283a97a15566421e9a537f32842385b0ab72d6c8c534173803370345d04376c08626973c4720a6ff50de62c65b752a732c40d02ba5c152a040215dd5cfda655724b6b42cfa8645694a83938942288c37116db555c7a02b95cc555583440c3808625695152252db6ca6603101ab31199aa525fcc2be94952f485f4252cad2b7e218a59bd4a85b43a88820055caa9751d20d6574f304cb0697a6a604376dcaf65513ee1a9c4ab182a5196bc19619ee2d5f0608fb300dd6653edd25c78569cccaa40324cc2393a94555822a6daf6e242592cf996f653b21c6d5e4e218e64bbbcca151f4dc0a41d66e04965b11695a4d792d225617a994011b88068c18a8ec56e257118da3b7f50a98a2f6a11708a55472532bdcde1ec95efe39dc6bb9c6e7cc696546b0d944cd85abbe66f0a5bd474cf301b3910da2c0b4e6a155ce7a2549b73dc424723d5c00cd7c4aa3b5569923823747514b5e1895c11cc7649d117388d752e469bbc6094a8691d4401a4198b6b35cc760736c1181445e5c35192c3a51aa82d8a44b78972d142f1f8262e613d8298bccad481cb7a48eb0a03e032c080e42d96b6537c663b7fd82e1c82301466055c1ecc11aa1330b52dcb8861a57847216d3aa8ee80bbe5cc5000f21b970d4e6a05f6aaa8dac20b3b97c1930d590159621b96a0dd957295a3046fa96334077db03fcc061cbbad5dc289c28832a2052a93a8b07c99cdcf88f66e14f96931d00a087ac429cd3c456f5e4c2c3d98bb622b9a712e57715bf6364df6929002250f511b0f84a3658de661803ace60ead85c5b2e8b0f79897dc5ec960551c591150b7cf30d4c044971b65431303bbb232d3d6556a008ce448742b02df52c356a14f17a856b73a66da9937131d4fb80225accbdbc4cac5081e511c618c66319805d5e330594ae6e5f028d9f245de9994bd772c1777d4bea821152164a46840f0bb9b2c1cc3d87ea0d84d77353f641659394e2399a1d8ccc11be0ea1505d0d8471a505370d768338044138c4cf3b81d900258b16f0c676b222704a56f53e63399f30ec1312bbc46eda947d42d0eeb5169a46e8bc1cb05a85ab0d5623fb805d84121b5c623980d86612a9975308695bc6330837c341e6360a5bab612667d4290e6746204d05d67500c415d04ad400e40e25cd8f2e320154cbdfcd7ee1762d4e23051a6c26c402aea9dd7dc3860c0ae2662044202a004aeb9fc67a95645defea1b9ac157ee3541cb55304fb0873d5b8060d01a399400aee8259221501b18dd37661c4a5672c5bafc312d5d6919e43c4134a87647488f9982265dc70bf686556a5c6cba6214175a956b39618d35dbdb286df48624a776918c1369f2e46325b276ae208bbb0c9495c405025db1749530f032c68b8e27cb2edbe4152462d16a9af8814c2b16d5afe27ef1f5999e021a181092f89bda40b7c65ee6c7f8636c800f58fea2667ea43640a0d76ce0b8732935ab89285d648d051be0849640f0f33105c1dc1966fc6ea059d16b59830447b8085b72d6c0750b5b0b783b602215cdb965d50930b49075ac537674c13d4cb5023b3ea30c0170d85e630450aa3ab80f5dbfe4160b57bb9de1509f132660d3e899081051e752d4a990bbea24ceef8f6e032e6af5dc30055ae7fec377eed03da98dda64e504b9061edee06cdd15b98f8aaf0bc4aa97c662129a47bdc2ba6c94957218f2081552ff0053311d406939816b02d8e6846a3b0808d0b68ccbe2306bd638d5a5cd4caaf52c8c6c107e11239b1226bc0d5653808b90bc03a58a20d38cb343a8c91c53327cda3f8987041c1933728d7ca9a17c98eda92cd8b0c40280be022d907758262e01bae08bd852c1cbef9157402c0352fae3847d4aaf6ab2dfcca9c064b88ad48cb54956544b131ce6602be097281c3d410cd9e18ed8a178804a6970f2649a8302d72f440aaa82821070501f32930324a9f14a3ee601d019651420c4d464d0b581c310e1acaff1005d9d62737a132c2d6881f518e42018b20a8a0b23d48970f571597a5e5e2030ac55ba8a283b41a8302a14e2381b86d52b104b6b2269ea20594956fe60525511440d41165ace2a560f860f245d3a8a1557dcb11417b9a179ea21ac0ed9422d656a8bdb2d34e398ca075dcc586ee18e9495f895b3811312b347cc08b0e03a6527ca5ff51c0a4c5c6f458fecc61845cb15079b040e9cc321555a752888dac3b23c860044dc50445f1a841e9159a845200bdc711435b8a156f0871eca0aec1fb8696d971b5a6e235048d4a5ba9c0dc0ac5c542cc87b05c4461abc2c1c894ed61259a2a04c671985a31e46ac98a812b264c5a155955dc6d9821eb1dcc96d84ffda000c030100020003000000108450fa092e015adcd5ba7984e1c920f214c8ca100b9b88920246080705318fa7bc68adc75182248d61090ea0507c869ec28d0471358b7d8127a722020a07297e2a2d1b2d22d71de1934a4c5291efee2ee0c910c008094638b883dc30d99b21c0f24562e21bcbf8142f81d8c4204f238fd1fc9cd82f966b8e12c504119dc3582027cad112930b7aa718db28101042d4a8004afbaf30170273d49e0c59bd2c4c0186f80cd623cc3433ae67a9483a93ead4f2c152259c2a104eb8922190f509d91affc4001e11000104030101010000000000000000000100101120213141305161ffda0008010301013f10f240010617c3c40004705f063a305e2fa7a8004d72a061d50ba522a13015033045b61ea0c40101f55d4a81b07c5b5ade3e08ba50071b645178f42026c0e5b5aaac6b84ecad5280b453605ad6f24774478346cfdf187c3009915480362c8c0e3c044e075a10d26290c98202dd35680021cc4c18712c210e029c6a26af01734823a0e22ea0b91b9822df17d4b8d4bda010901010c31b1d9a199bc582c4203195884040078cc31da0ce59035d86dd8090cd681e02a40b52df92890022fe2d27c0890b503fffc4001f1100010403010101010000000000000000000110112120314130516171ffda0008010201013f10f310040898683c000b98aec444833d024d161fbec819a9bc4397a800e04656642199b3cc01a190136740e9f9e443343fac5b8daae2090054ae663012c49611a6237d89c300885718c5438f4135c1017822212c18e9c11ea05255c3910145789642b10ee0ba9f58b02d18940d60091886e362605b1bd968936911423837722086dd2be000ea311a8c275e07184341ac000e8ac2dc399bf5211464508380f8b0e298b285e4a5581701a6d15605091160d4c440bc2144da8d14cd684b87e8582a885e31188092a2341fffc40024100001040202030002030000000000000001001011202130314140516150718191a1ffda0008010100013f10449445481000600803f0c077205ac1308d876b200feba231c2482c03fcd14601c40aea1a96078c800821460021100403040c0c283060f48c7300000b4005001c544002b5a2403f0fec40a41368394ec8836e0a0e65c0ad01096a11cd3b2ca800c0360200d041804c3d804506467b3002f71b9a5816a0883145213e501ed7033e21e68e200634f010e6a372cc21f12131b03b2802d8202098555200c0510b8c300f1c160c69302035620ff0004b38061afc8126506a54202afd80019eee20ae8a082afb0035c8800b4806bcb684330b480ac4138b1249a05a04099344949325a82041085b261268a402110bddca16d080461220f120b91168338680660523355cd800fbf3177f706612403cf280896e024dbd0088c831c800f62876b20500048c912ca800864825a200a81188374e094580a5e48b804cfd2cacba0aacdd086e808f9023f42ae1119e803e38643fdb000244003a8c000c9925842d4000148180d48418510ce3a880d811081084250882b958220089b3a2209109a9806630e0176a3b03bdca85481882e9a805e30018540008e2ae0083a093ad0805283a39532652051ae0045500100301307101a60982803f91cf4834942141284041fc8df9242010c8501954004ed22048260ce0d031bb82c0000a000823901784045e08810801c6416014b0888d8a18a80025ed038e50012a438513a2e9bc038d3003801e8cf7a0d02ff00e5208001c0188040041607001405700ca14cc8773ccf82b00a0ba910d6a407566414e0c1a02021050020302a352107600845410c85f304180d902c4c5a0011b80333d8016c5203507027003610072aec238d03a1701a7c391fc01f194ec13339408bc1809a4f51204060231a1e8045007181681400040308004800e195027ed40d0672064e0099004022da0662503d20072012391825db35d42cc191403101a61e03c908c2140a00228845a0480c07e94b55de1f2240448158512251437132fa3f1c61fd93708162070034ac0e0280ba8c1e1d0c0e008742d00a7c787229b021206921be006e02b804219123aa0da943c98420c1601ade083500422c0358b10802100160870070ac8c386a05bc8240101207c04f143b4fb043410ec2008e05b18183f442c280434c0c3fa9d402534017ae3d88020002806e89804926185581ee46461842d420fc144012429882810ab015ee833979181b81805805a18080bb1002941ec0d048001a228832c80c05435803648f0700104c01241800941148674f4e43930b25421870dd500140608283c70a460c0320490fc480000600006c080ccbccb8601f001cc2406a2c0730703711dc158c200411130327528c0f9648080700c000002bc590104290114040a09120122a500ed0e00880a3005b74070216840163064c1245406666009096208030662019c82aa3249b318d3264880017c00647b03ea40a3e20c1420b480feb2285440273583b090ab00d400e1428c422f6021d7b809e3c0098912a2a404371c08643e03ca042e00165402550550889400e4201e9015221e0f200d970872393291e080241809e21f1546a2c20c8ce103d9d0124c0828220049cd10f4e8226340a10a881110a0c481780887007019001eaa70804207448dcb0941a3b02000a180001807eb7b0652ce500140103500cd004543535185c4003ab018346e5310ee100200c28241f5086e061941b18fb05889421e830348c5720100d50980367d251100a105a0000e040300d05e02ff004620538100157a5005012221fed1056b100406085021020d4205e106641a10202020502b402d189a02c58b081865600b044c2909008520f0b044ac0108076200a9100cc07e8060454a28007e738ba1dc1008d1016e700107164f80a80222a01686040340a5d954c000b81c0c0ab0209030266380442247c7059daa02aa01bf44c057805b16300400e002058080aec086a82e61001da11a1a00e070001c004d0111967814ac08214811203478263ce5c415a8c018c064092001428092d4370149031ccc37cf055f0862a0622a221018b0720e103c018422101de7e91c3183029602342868430ba0080a020819532098823800ba79850851e3e0970eb95820dc418b957e00928065c204eb306b2dc464a674b050fab818c68078001671258f32a63a8010c1c6022e017c223c0d02a03001620f0602082a850a2850a47000b51a2008568009b20114b001302eb02e3000606098836b00447a54038cd32945809b8078f003922e40002dc885800c83d0068380700642571704001da88d2fa02024989188bd83a0901004071e0b00b5b65e01ed800106021c82c203840c0a406443058810068422f4006805318b20f00e004827a3e1503c405002007b0781901ae85eb3e20044014010e4e60068c4316752a8813b00e240591224c4128296785706148b045d01b1701f80a01a001011505015831110056ca00160028b6950ea2c0db8e403a70ec381cf006d5a20d8d728d0000108101c138a00482a040d3a7c00060382040aa30a0185000bd081982002c0a012c10011121210ffd9, '2016-03-02'),
(8, 4567889, 'Armando', 'Perez', 'san juan', 45222, 'pe@a.com', '1956-11-11', 1, NULL, 'DNI', '', '2016-05-10'),
(9, 4562893, 'Rafa', 'Nadal', 'Espania 1212', 45622522, 'elrafa@nadal.com', '1982-05-04', 1, NULL, 'DNI', 0xffd8ffe000104a46494600010100000100010000ffdb00840009060713131215131213151515151617161712171815151516151515161615151515181d2820181a251d151521312125292b2e2e2e171f3338332c37282d2e2b010a0a0a0e0d0e1a10101a2b1d1d1d2d2b2d2b2d2b2b2d2d2b2d2d2d2d2d2d2b2d2d372d2d2d2d2d2b2d2d2d2d2d362d352d2e2d2d2d2d2d2d2b2d372d2d2d2b2bffc000110800cc00cc03012200021101031101ffc4001c0000010501010100000000000000000000050203040607000108ffc400401000010302040304060903030403000000010002110304051221310641512261718107133291a1b1142324426272c1d1f03352e11543f1738292b234c2d3ffc4001a010002030101000000000000000000000002040001030506ffc400281100020300020202020201050000000000000102031121310412134132512271052324426191ffda000c03010002110311003f00921a94170096d6acf003c0d5ee54e06a542120c96a6dc14a84d3da8914c875021b56b0e4091d511ba8883cd05af5f338b4186374f12867635c20eaa94b9678ea81457549992a3dedcb5a6019509b7e0184bca6df6350845744ba933a79f829341ce1aca10ebf929ea77881ad468b80b5ed16b866223a91bfbb9a15756b964b9a1cd20eaddc8844685d022252a93f76b84b4ea3b90c5e1725a54abdbb60fab712398244f76dba1f52991bab06256818446ad7025aeea3983de0a0371a12d1b27aa96f42162c632b97ab96a642617a02e5ea9843c8579f47474a9e2a8eaebe8f5dfd4f2433e828ae4bb95ac60dfd0a5f91bf25924ad67013f67a5f91bf259d7d9a84172e5cb628c78352c0442fb05ad47da6923fb86a1416859807a025654a6b52c355110c90a062178da624952310ba0c6971d00e6a878be225ce24f9379f9ace73ce11ac2bdec9b738c1738c680027f642df74ec8e20ec7df2a28260f53bfec9a75ce50679e807825deb6371492c23dc66275515da78a79c5eef04ed1b64408dd36f3d53ed11b2994adc109b753855a17a9d41eee489d3a8e112147b08699ee4ed4b9931c903092263da2a321c068e9046b079a66a6134e3560710091d1c3c93b42ab62115b70d2cd39481e6107c8e217c6a452b10c3e9baddb598326a416c92103732342af5c4768451cac8899778ff000aa69a4763b81fc0ba144fda2217c3d591617a025b58941898171b015bf80f42ff0000ab0da4ad5c1421cff00b3b3a0e1d971ccb5be1d3f66a3f902c8415adf0c1fb2d2fca1650ecd02ab978bd5b1425cd9dd09bfe1fa35358ca7a845d720ec852af3862ab35643c74d8a0f5e91648702d23a885a6acf7d2e63c28d1141b1eb2a824bb9b298dcf71274f22aace23a5c56b330e28c665d95ba8074ef3d503a5479bbf85334892e93c93f52a0ea951a48e719f042ef0cbb4532abf4eed9314e94995689a3b43485346d1e699653d613ec1a8f72a612119e37d93552b77a9b56d8c4c143ae2dc9120204d04d31bfa51e4bd65d28ce691ba68ba11e207428dae7923d855ec100ecaa141faa3d41f107759d90e0d2122c189fb246e083fbaa7d5b62e2328933f01ff002ae16d54bc6a39425b30ee51a1e615d13f4e00bebf7e4a55ce18e6448dc0d5229da2d02e303f581a0721aaf2870b9e613b0b135a233ada7852a9d9f7237c3d472bcf78567a7c390a35dd88a551b1cda7e6ae524ca51687a56b1c247ecb4bf2ac956afc1c7ec94fc0fcd02ec20dae5cbd5b1478b93142a9713d12711bd6d2617b8800733a055d2e49d921ef8dd605e92af5d56e6bbe3b2c78a53d32b4c0ff00d8f9ad67867166de3eb55065b49e2931ba81ec35ee790799ce07835649c736ae6d07be08f5973527c5b3a1f78f72c2e7a91ad6b194375785cda84a644911d170256786cd92a7927e9c28543af55269185527848ad0830f72f68b24f726e8b4c4f2456c2d3b209f725e72c1a8434294680c8279ec956f86b798df75cd12f6336004f973fd11a606e896763435f1a2b989f0cb5c0b9bf054fad6191f94ad703c442aa6398682e9475def7181678ebb4539b64370a7526c084f55a25bca42e73848e847c96fefa2ceb682184d63312ae16a1a44b8800721cff9d151685400f82b5e0774dcc013bfefd507d96fa2cf84d1305ce1198c81d0729444d149b4683a8e8a4bd3305884a6f5915d4956789d915291ee72b63955f8b7dba5ff0077e8b589930585aaf059fb253f3f9aca42d5782bff00894fcfe68d7657d07d72e5cb6450dd3a79442cebd2ee26fa62930121ae93239eba8f92d20aa07a5db62fb764b496871981a8d3421058b5170c4ca1e11c5cfb0af51cc87d2ae43dc07277f733cb978744078bf89fe952d6cb5b9dcf8241399d00ede0815d542dd0eadfe6ea0beacebba5fb19e068d42d3a14b17c39809971931f151dd4a0ea8d453ec1dfd051d7423784e5b3730de493081972b3f0fd0968f159db1f48e9ad5fce5819b6a1d900ec116b61b245a5a7545a8e18770b9539eb3ad08623996c090798e68951b4950fd83aa956d890ee593d35c248b70140bea20884485cb0851eb10a27842b575633c904bbb72c22760655e2a06a058ad20e04262b9b6cc2d82c005d321e1c3672976d70465ee32bcb9b278a730486f3e899a153b401d36ff94ca5fa1397069dc275cba889e649d7bca36e28370e7f4da034e503db22264ecdea3bd18714c43a11b3f210f2ab1c5ded52f177c9594955ae2eff006bc5df25a44cd82415a8f023a6d1be2ef9acac15a8f001fb20fcce46bb4567059972f172d413d282711d3739a18d687833eb1bb9ca4112d13aeb08da178dd93dedcd49e69d564e470d4191ab5ede6d3fb292e88603c41c235daf7e48709d003ac4e8329833dd0aab5eda0861104013fe57d038adb5f86b9cf7d088f69b989718ecb5ad23e12b1baf62e0f73df1ab1ae91b76c6893b1fa8ef8e949b4546ee910a112acb7859a08d4fb943ff004673b61a23aed59c95654f7807d8591a8e80af186d9e4680147c0f072cd5c11e653e83c92be45becf06fc7a7d56b19a989b696fba66b71a11a342138b507c92410104750a8ef6184a0ae9830ecba6b8458ae38c0bb76a619c57afb2ab55ad6b0ddae1e490c0f698d4a65510c16f9acd341b3c6730041449b881551c0a9b896c8d0ad0686120b03b9a46d508b1dae526b409738b060249d901adc4b98981a2198fbead4aaf600435ae200f0d24a4e13c3f70f22047e6221375d504b58a596d927859707c75cf9a65b21e0b63c442bf609c3b4181af348678dcc923a6fb1556e0ec1dc2b34d46805b3d370b4595a43d7e85ed725c314536e2b9ce4894460712ab7c5c7fa5f98fc9588955ce2df669fe7fd1147b201656a1e8f0fd963f195974ad33d1c1fb3bbf3945f6096e5cbc5c8f4a14bc2bd48ab31a44f7ad4a01e2d714d8ffae6540c0d71151ada8f6c9d08390120c4ee39ac56bdcd3ae6ab29196d3fab618ca32ea5b33e7bad77893d67aa79ab7190419a54a299736098f58e971d8fb30b09a18b5365c3cc65a4f3190721b6627fbb449df1f6435e24b262ff00d332b25e0874f3eee88bb2834010348449ec0f68ca5af6c693cfcd40ae1e347003a46cb9deef719d6941763f4e13ad78050e15085283c013cd0cf42adae82df436bda331df60144ab8246a010a4e1ee889560a555a42c54da36f48bfa29171873f696fbb55159806b99defd02bc56b6693a289754001a95a2b640fc310152b26b6206cadb8509604118f6cab0e10e0b37adf268e2a31e0abe3bc3a1d58bdba66d7cceff194dd8d8ba99d493dcaef88546b69baa44e4dfc0ee86b6a52aba8d16ce72485e314df4270da7948242325e99631b97bc2ecc9af1b5a673fcded0b25273241724929ac10d165c807161ec53fcffa146cb900e2b77619f9c7c8ab4581c2d27d1abbea1e3a3ff459a02b47f464efaaaa3f10f9227da26622e8bd5cba1160029785715c16c50c5e5b07b48206a3e3c97cd3c4b81546d4797c07179069b4768192048ef827c17d3b0ab5c4d8553cedba2c04d30e150c024d33ce3ef16ef11b12b29c7790a2f0c029da5cdb96b03f5224b67306c89009e474d61796b8cd57b9b9ce874223e2adfc42c63bb3483412e7769bb961cc75e43473841f72acdcd8359ea8b7770248ff00bb4f8256c827ce0e576cbad0c36968bcb73dad760a686760787e887dcbf28d1232fd0fc78e422dbc0138dbfd7755e6d63cd26addc21f8b4da376164bac7b2b743fba174f107d4a8df584869dbbd07a35333a4f9044ae5e1cc83efefee47f1a5c15f33659cdcd1004c4266df18630c02b3ab9a0e9f6dc7cca9386ee33127cd1af1d7ec17e5739869b4b1663c3838f65cd21de0553b0fc50b5c5a09d0903c148a07b24728435f425d986e0ebe0a2ad2e0176bdd2ed86de39e5a8de64078768c367c87ea8cca6a9828ae0e679567bc859724e6482e482f5b0b8e1281f149fab6fe708b12837149fa9f07053ecb8ad7806f590b45f45353353adf99bf25953aaad2fd0f3e5b5c7e26fc8aa8cb648e8dfe37a52e468e17ab97268e51e15c1705ea843922a53074224744b5ca10018df0f36a527b69318d7bb631946e2736513b4ac8af305aaea95c180db56b8c81a39cdd74f712b7b2a25fd9b5f4ea3481db639a4f3ed34b5653ad35c0709b8b30d7d7ec88e810db974a4925bd93cb4f724972e4b5c9d752e065fa266e29c913b6ea4546a5e5903b95a65e683a9ded30e873b51c910188d2239a45d6134df0e032b87de1fa84e50c3b286886b8033d0c2d7f832a319afad197d763bee84f59536170808850b2a7da9a713cb4e8a6dbd36b43053601132e74022472ebba9a83c9bff008836eb156d377aa6532fa8403004000890492bb07612e3986bbc7e88e5b61ec12fddc46aef0109de1db669ba603f79d31d4344feca6a6f119d8bd56b0db6ccd0018e104007c644af0b95c71bc2fd73039bedb76ef1d1531c20c1dc724ee62394debd3d2578bc2572851e4a0fc51fd03dc4145ca11c4e3eceef250387e48a797ad2bd0c5493723fe9ff00f6595b8ad2bd09bbeb2e47e161f8b92f07fcd1def397fb766b6b9705cba079b3972cc29fa6db13fecdc0f2a5ff00e894ef4d563ca9579eff00543e4f2a13a34d5e2ca5fe9958e3968db97389800b8993d000dd4f9ab25a637765beb2e7d5d1075149a25d1f8dce3a780f7a5bc8f2aba23ed3785a4df45baa550049202058e71551b76cba502b4c77e915f209200249777741b0559f4a448a27f9cd71dff959db62ae0bd77ff4da35afb2ab89540ea8f7376738b878124a859d2edccd361fc23e4a35c82350b75de1d07d21df589fa2fe635435b7039e8a55b54833c9161709851a744d561d14bb7731ca47d1242cf70663afa013abb81e7ef532cab9711ba2070c61dca936d62c1b23f7581ffa9fb27da309108a6036405cb1c3ee31d27bdf007c8a1b46a6510373a01deadb8059e5ed1dcc4f96c1056a73ba39d2e588f972ce0b3d27c42af71658069159a23318778f2779c23ad2bcbbb6f5b45ccea24788d47c57551cc282b929cc20c1d08d085ca99624842b895bf677f822ae78ea86e3a43adeac1d9b2ab4287e48cedce5a3fa1377d7d7ff00a6cffd8accea3d687e842a7daab0eb487c1dfe56305fcd7f677fcc7be3cbfa36a5cbc5c9f3cd1f156cb9b5b9013f1514b918e0e14fe9b6deb6327ad64cedbe93e70a26d15ea99b3fa37e0d6da5217372d1ebde01683fed34ec04fdf3cca9dc455cbcc4e88f63ee71607531987de03523a68abd636aeaef874b5a3da3acc772f17e7d96d9e43959f5d0cc524b111b875feaeb0ef047ebfa2b2710e0ccbca058ed091a1e87927aaf0c52201a799a41999dc84a697d3741075f7246564bd94a1ba1478325bbc32a5b114aa888101dc9c3b942aac5b55f58d3aec2da8c041eed478154abbe03a99feadedc9f8a647b86abb9e2db65bf945a7fd70351ba398cce6ee82834ae1ecef1d16a47d1f48ed55ffc5b1f351eaf01d2699ed3a391d97521096728ca56477828d6d8ab7ae53d0a20cc4cf5952715e1414cb9ed68cb04f3d206aab387d8b9ee96c81305b3b4ed0b4f8530579125d1656e244ec88e1acaf508c8d3e3b051b04c11e0411241dfb95cf06c3aa4843f04437e54b09982609961d53b4eebc8782b4506c266dade06aa6b602de3149702d29393d62d8549a552145f5ad1cd21d7ac1cc23480117d8153aae2ed5ae3b91104f582ab78d70c5d344d02cabf86723be3a7c5589d8cb07351d9c5144bb235c1cefed6f68fb8299a4c312c6f11b9a550d3aed7d370fbaed3cc751de1423893dcd2331d7bd6fd8be114efa89a75e90823b2f746763a34737982b317fa25bc6cc54a0778ed3c1f7655382970ccf1ef5a17a117fdb6a0eb44fc1c140ade8ab111a86d277854fdc291c2f637b865c1ab52d5e41639bd5ba91ac8f04bbfe2d36775ce37d6eb835aff00ecdd2e2e1ac6973dc1a0732602a95dfa41b66b8b5a1ef03ef3408f29548bdbcb9bc766ace21bc983468f2e6a75be18c8e5e68a57c9fe28d29ff115571dbe5aff004be8f9e827adde5ae6bbfb4877b8829b6952b0db7f595a9d3fefa8d6ff00e4e013679b3e8fb7aee01a413a807de254976271ba0d88df64d1b10341e5a2a8635c58da660ba5dfda358f1594a1193e569a1a23b1d0372546afc54c1ed103c4acb997cfb8f66ac03c818ff29ea3c2a1e65cf27c7554aa82e9226b2feee3da00c0703e054cb1e30a7536550c3b8428360b9d2acd6efb7a03b01b3d79ad19132c34eef30d1a63a9d3e694ea73baaf0c782f5dc5149a3b4615669617bcc35af6969912371a107aaa45d70d7abae32ba5ce05cc71e6f66ae61ee2d93e4558a9f12b2a3658507c771410c781ab1ed703a69ae576fdc4aaf5283982d7a55066032b81caf61d0b5ddffa1ef4ff0010e38cb2a3eb089ed65d3aeea917d72fcc6a5230e6198e4f66f94f8498560c2f1ca35db1558d7d377b4c76b0e1f22af09a0fa7e9358e303313d035ca5338aeb541d8a553c4c3558ad6dec19ad3a4c1e41357d7ccd9804f742a2c055b14b823586f89425df4cb87766a16b0731f7bcd5a28e0a6a997e8df9a316d62080c6881cfbe14d65142a3c28fb8399f55e01fbae2ed7e2ae780e094ed4431a279bb492acc2cda19103dc85d4b56ceca1618a15e4689e6b50ea16423491e04fea9e2ea8cfc63dcefd8aa20e5e55206e5758dcce875506f2f5a46b20f7821761b5413a107c0cab28277383d1a83560f1020a6a9e014408cb3e289d3d931eb1e760a38c7ed04aeb170a4cf8a558782305b8b8baa5f47a65c69bd8f73b66b407024b9dcb641ed68873dad3b39c069bea617d67c3180d0b4b76d2a0c0d690093f79c606ae3cca36cc9142c7783ee5fa53abda76f0346cf7a1bc51c094ede834344b80ed3b724f3256c41a02abf168961942118e61980c09ea89ffa4bb763dec3d0130ad7656edf55b73fd513bbb2664063550866f52b5cd330e7123aa6fe9f54fde3f0570aac13042157987b378565018d67f5294cb5654ed13079a71ed830bd2d5642758d16b4100a4df559a71e5fa7e8873846a094a27da1fcd942c916977ac3ba27ed6a0dd8d199c75ef234942f98564c1ad9a5d1fcd95320ed07542728dfa0e5e2acb85d886417769e79288c19480dd24ab15b510d1a799e67c50e9687083a03b9e5c822987db409506d84bb546e98d1420dd63010e2cd54eb84c302841ea097502f28a53d42c8951205163bda6827af3f7ee9caabc628426d2a994652664684efe694daea05fe8697e623c88ff0120bca8ca3ffd9, '2016-08-09');

-- --------------------------------------------------------

--
-- Estructura de tabla para la tabla `tarifas`
--

CREATE TABLE `tarifas` (
  `id_tarifa` int(11) NOT NULL,
  `fecha_desde` date NOT NULL,
  `fecha_hasta` date NOT NULL,
  `precio` int(11) NOT NULL,
  `estado` int(1) NOT NULL
) ENGINE=InnoDB DEFAULT CHARSET=latin1 COMMENT='InnoDB free: 10240 kB';

--
-- Volcado de datos para la tabla `tarifas`
--

INSERT INTO `tarifas` (`id_tarifa`, `fecha_desde`, `fecha_hasta`, `precio`, `estado`) VALUES
(1, '1919-01-01', '1929-06-10', 15, 0),
(2, '2016-07-05', '2016-11-17', 45, 1);

-- --------------------------------------------------------

--
-- Estructura de tabla para la tabla `usuarios`
--

CREATE TABLE `usuarios` (
  `id_usuario` int(5) NOT NULL,
  `nombre_usuario` varchar(15) NOT NULL,
  `contrasena` varchar(64) NOT NULL
) ENGINE=InnoDB DEFAULT CHARSET=latin1;

--
-- Volcado de datos para la tabla `usuarios`
--

INSERT INTO `usuarios` (`id_usuario`, `nombre_usuario`, `contrasena`) VALUES
(1, 'admin', '21232f297a57a5a743894a0e4a801fc3');

--
-- Índices para tablas volcadas
--

--
-- Indices de la tabla `actividades`
--
ALTER TABLE `actividades`
  ADD PRIMARY KEY (`id_actividad`);

--
-- Indices de la tabla `certificado_med`
--
ALTER TABLE `certificado_med`
  ADD KEY `id_socio` (`id_socio`);

--
-- Indices de la tabla `especialidades`
--
ALTER TABLE `especialidades`
  ADD PRIMARY KEY (`id_especialidad`);

--
-- Indices de la tabla `grupo_familiar`
--
ALTER TABLE `grupo_familiar`
  ADD PRIMARY KEY (`id_grupo`) USING BTREE;

--
-- Indices de la tabla `horarios`
--
ALTER TABLE `horarios`
  ADD PRIMARY KEY (`id_horario`),
  ADD UNIQUE KEY `id_profesional` (`id_profesional`),
  ADD UNIQUE KEY `id_actividad` (`id_actividad`);

--
-- Indices de la tabla `horarios_disp_pro`
--
ALTER TABLE `horarios_disp_pro`
  ADD PRIMARY KEY (`id_horariopro`),
  ADD KEY `id_horariopro` (`id_horariopro`);

--
-- Indices de la tabla `horarios_profesionales`
--
ALTER TABLE `horarios_profesionales`
  ADD KEY `id_horariopro` (`id_horariopro`),
  ADD KEY `id_profesional` (`id_profesional`);

--
-- Indices de la tabla `horarios_socio`
--
ALTER TABLE `horarios_socio`
  ADD UNIQUE KEY `id_socio` (`id_socio`),
  ADD UNIQUE KEY `id_horario` (`id_horario`);

--
-- Indices de la tabla `pagos`
--
ALTER TABLE `pagos`
  ADD PRIMARY KEY (`id_pago`),
  ADD KEY `id_tarifa` (`id_tarifa`),
  ADD KEY `id_socio` (`id_socio`);

--
-- Indices de la tabla `pagos_x_periodo`
--
ALTER TABLE `pagos_x_periodo`
  ADD PRIMARY KEY (`id_pagos_x_periodo`),
  ADD KEY `id_periodo` (`id_periodo`),
  ADD KEY `id_pago` (`id_pago`);

--
-- Indices de la tabla `periodos`
--
ALTER TABLE `periodos`
  ADD PRIMARY KEY (`id_periodo`);

--
-- Indices de la tabla `profesionales`
--
ALTER TABLE `profesionales`
  ADD PRIMARY KEY (`id_profesional`);

--
-- Indices de la tabla `socios`
--
ALTER TABLE `socios`
  ADD PRIMARY KEY (`id_socio`),
  ADD UNIQUE KEY `dni` (`dni`) USING BTREE,
  ADD KEY `id_socio` (`id_socio`),
  ADD KEY `id_socio_2` (`id_socio`),
  ADD KEY `id_grupo` (`id_grupo`);

--
-- Indices de la tabla `tarifas`
--
ALTER TABLE `tarifas`
  ADD PRIMARY KEY (`id_tarifa`),
  ADD KEY `id_tarifa` (`id_tarifa`);

--
-- Indices de la tabla `usuarios`
--
ALTER TABLE `usuarios`
  ADD PRIMARY KEY (`id_usuario`);

--
-- AUTO_INCREMENT de las tablas volcadas
--

--
-- AUTO_INCREMENT de la tabla `actividades`
--
ALTER TABLE `actividades`
  MODIFY `id_actividad` int(11) NOT NULL AUTO_INCREMENT;
--
-- AUTO_INCREMENT de la tabla `especialidades`
--
ALTER TABLE `especialidades`
  MODIFY `id_especialidad` int(5) NOT NULL AUTO_INCREMENT, AUTO_INCREMENT=5;
--
-- AUTO_INCREMENT de la tabla `grupo_familiar`
--
ALTER TABLE `grupo_familiar`
  MODIFY `id_grupo` int(11) NOT NULL AUTO_INCREMENT;
--
-- AUTO_INCREMENT de la tabla `horarios`
--
ALTER TABLE `horarios`
  MODIFY `id_horario` int(11) NOT NULL AUTO_INCREMENT;
--
-- AUTO_INCREMENT de la tabla `horarios_disp_pro`
--
ALTER TABLE `horarios_disp_pro`
  MODIFY `id_horariopro` int(11) NOT NULL AUTO_INCREMENT, AUTO_INCREMENT=67;
--
-- AUTO_INCREMENT de la tabla `pagos`
--
ALTER TABLE `pagos`
  MODIFY `id_pago` int(11) NOT NULL AUTO_INCREMENT, AUTO_INCREMENT=67;
--
-- AUTO_INCREMENT de la tabla `pagos_x_periodo`
--
ALTER TABLE `pagos_x_periodo`
  MODIFY `id_pagos_x_periodo` int(11) NOT NULL AUTO_INCREMENT, AUTO_INCREMENT=58;
--
-- AUTO_INCREMENT de la tabla `profesionales`
--
ALTER TABLE `profesionales`
  MODIFY `id_profesional` int(10) NOT NULL AUTO_INCREMENT, AUTO_INCREMENT=33;
--
-- AUTO_INCREMENT de la tabla `socios`
--
ALTER TABLE `socios`
  MODIFY `id_socio` int(11) NOT NULL AUTO_INCREMENT, AUTO_INCREMENT=11;
--
-- AUTO_INCREMENT de la tabla `tarifas`
--
ALTER TABLE `tarifas`
  MODIFY `id_tarifa` int(11) NOT NULL AUTO_INCREMENT, AUTO_INCREMENT=3;
--
-- AUTO_INCREMENT de la tabla `usuarios`
--
ALTER TABLE `usuarios`
  MODIFY `id_usuario` int(5) NOT NULL AUTO_INCREMENT, AUTO_INCREMENT=2;
--
-- Restricciones para tablas volcadas
--

--
-- Filtros para la tabla `certificado_med`
--
ALTER TABLE `certificado_med`
  ADD CONSTRAINT `certificado_med_ibfk_1` FOREIGN KEY (`id_socio`) REFERENCES `socios` (`id_socio`);

--
-- Filtros para la tabla `horarios`
--
ALTER TABLE `horarios`
  ADD CONSTRAINT `horarios_ibfk_1` FOREIGN KEY (`id_profesional`) REFERENCES `profesionales` (`id_profesional`),
  ADD CONSTRAINT `horarios_ibfk_2` FOREIGN KEY (`id_actividad`) REFERENCES `actividades` (`id_actividad`);

--
-- Filtros para la tabla `horarios_profesionales`
--
ALTER TABLE `horarios_profesionales`
  ADD CONSTRAINT `FK_HDP_HP` FOREIGN KEY (`id_horariopro`) REFERENCES `horarios_disp_pro` (`id_horariopro`),
  ADD CONSTRAINT `FK_P_HP` FOREIGN KEY (`id_profesional`) REFERENCES `profesionales` (`id_profesional`);

--
-- Filtros para la tabla `horarios_socio`
--
ALTER TABLE `horarios_socio`
  ADD CONSTRAINT `horarios_socio_ibfk_1` FOREIGN KEY (`id_socio`) REFERENCES `socios` (`id_socio`),
  ADD CONSTRAINT `horarios_socio_ibfk_2` FOREIGN KEY (`id_horario`) REFERENCES `horarios` (`id_horario`);

--
-- Filtros para la tabla `pagos`
--
ALTER TABLE `pagos`
  ADD CONSTRAINT `s_fk_p` FOREIGN KEY (`id_socio`) REFERENCES `socios` (`id_socio`),
  ADD CONSTRAINT `t_fk_p` FOREIGN KEY (`id_tarifa`) REFERENCES `tarifas` (`id_tarifa`);

--
-- Filtros para la tabla `pagos_x_periodo`
--
ALTER TABLE `pagos_x_periodo`
  ADD CONSTRAINT `pagos_x_periodo_ibfk_1` FOREIGN KEY (`id_periodo`) REFERENCES `periodos` (`id_periodo`),
  ADD CONSTRAINT `pagos_x_periodo_ibfk_2` FOREIGN KEY (`id_pago`) REFERENCES `pagos` (`id_pago`);

--
-- Filtros para la tabla `socios`
--
ALTER TABLE `socios`
  ADD CONSTRAINT `gf_fk_s` FOREIGN KEY (`id_grupo`) REFERENCES `grupo_familiar` (`id_grupo`);

/*!40101 SET CHARACTER_SET_CLIENT=@OLD_CHARACTER_SET_CLIENT */;
/*!40101 SET CHARACTER_SET_RESULTS=@OLD_CHARACTER_SET_RESULTS */;
/*!40101 SET COLLATION_CONNECTION=@OLD_COLLATION_CONNECTION */;
